{
   "variants":{
      "down=false,east=false,north=false,south=false,up=false,west=false":[
         {
            "model":"block/test_block"
         }
      ],
      "down=true,east=false,north=false,south=false,up=false,west=false":[
         {
            "model":"block/test_block2"
         }
      ],
      "down=false,east=false,north=false,south=false,up=true,west=false":[
         {
            "model":"block/test_block"
         }
      ],
      "down=true,east=false,north=false,south=false,up=true,west=false":[
         {
            "model":"block/test_block"
         }
      ],
      "down=false,east=false,north=false,south=false,up=false,west=true":[
         {
            "model":"block/test_block"
         }
      ],
      "down=true,east=false,north=false,south=false,up=false,west=true":[
         {
            "model":"block/test_block"
         }
      ],
      "down=false,east=false,north=false,south=false,up=true,west=true":[
         {
            "model":"block/test_block"
         }
      ],
      "down=true,east=false,north=false,south=false,up=true,west=true":[
         {
            "model":"block/test_block"
         }
      ],
      "down=false,east=false,north=false,south=true,up=false,west=false":[
         {
            "model":"block/test_block"
         }
      ],
      "down=true,east=false,north=false,south=true,up=false,west=false":[
         {
            "model":"block/test_block"
         }
      ],
      "down=false,east=false,north=false,south=true,up=true,west=false":[
         {
            "model":"block/test_block"
         }
      ],
      "down=true,east=false,north=false,south=true,up=true,west=false":[
         {
            "model":"block/test_block"
         }
      ],
      "down=false,east=false,north=false,south=true,up=false,west=true":[
         {
            "model":"block/test_block"
         }
      ],
      "down=true,east=false,north=false,south=true,up=false,west=true":[
         {
            "model":"block/test_block"
         }
      ],
      "down=false,east=false,north=false,south=true,up=true,west=true":[
         {
            "model":"block/test_block"
         }
      ],
      "down=true,east=false,north=false,south=true,up=true,west=true":[
         {
            "model":"block/test_block"
         }
      ],
      "down=false,east=true,north=false,south=false,up=false,west=false":[
         {
            "model":"block/test_block"
         }
      ],
      "down=true,east=true,north=false,south=false,up=false,west=false":[
         {
            "model":"block/test_block"
         }
      ],
      "down=false,east=true,north=false,south=false,up=true,west=false":[
         {
            "model":"block/test_block"
         }
      ],
      "down=true,east=true,north=false,south=false,up=true,west=false":[
         {
            "model":"block/test_block"
         }
      ],
      "down=false,east=true,north=false,south=false,up=false,west=true":[
         {
            "model":"block/test_block"
         }
      ],
      "down=true,east=true,north=false,south=false,up=false,west=true":[
         {
            "model":"block/test_block"
         }
      ],
      "down=false,east=true,north=false,south=false,up=true,west=true":[
         {
            "model":"block/test_block"
         }
      ],
      "down=true,east=true,north=false,south=false,up=true,west=true":[
         {
            "model":"block/test_block"
         }
      ],
      "down=false,east=true,north=false,south=true,up=false,west=false":[
         {
            "model":"block/test_block"
         }
      ],
      "down=true,east=true,north=false,south=true,up=false,west=false":[
         {
            "model":"block/test_block"
         }
      ],
      "down=false,east=true,north=false,south=true,up=true,west=false":[
         {
            "model":"block/test_block"
         }
      ],
      "down=true,east=true,north=false,south=true,up=true,west=false":[
         {
            "model":"block/test_block"
         }
      ],
      "down=false,east=true,north=false,south=true,up=false,west=true":[
         {
            "model":"block/test_block"
         }
      ],
      "down=true,east=true,north=false,south=true,up=false,west=true":[
         {
            "model":"block/test_block"
         }
      ],
      "down=false,east=true,north=false,south=true,up=true,west=true":[
         {
            "model":"block/test_block"
         }
      ],
      "down=true,east=true,north=false,south=true,up=true,west=true":[
         {
            "model":"block/test_block"
         }
      ],
      "down=false,east=false,north=true,south=false,up=false,west=false":[
         {
            "model":"block/test_block"
         }
      ],
      "down=true,east=false,north=true,south=false,up=false,west=false":[
         {
            "model":"block/test_block"
         }
      ],
      "down=false,east=false,north=true,south=false,up=true,west=false":[
         {
            "model":"block/test_block"
         }
      ],
      "down=true,east=false,north=true,south=false,up=true,west=false":[
         {
            "model":"block/test_block"
         }
      ],
      "down=false,east=false,north=true,south=false,up=false,west=true":[
         {
            "model":"block/test_block"
         }
      ],
      "down=true,east=false,north=true,south=false,up=false,west=true":[
         {
            "model":"block/test_block"
         }
      ],
      "down=false,east=false,north=true,south=false,up=true,west=true":[
         {
            "model":"block/test_block"
         }
      ],
      "down=true,east=false,north=true,south=false,up=true,west=true":[
         {
            "model":"block/test_block"
         }
      ],
      "down=false,east=false,north=true,south=true,up=false,west=false":[
         {
            "model":"block/test_block"
         }
      ],
      "down=true,east=false,north=true,south=true,up=false,west=false":[
         {
            "model":"block/test_block"
         }
      ],
      "down=false,east=false,north=true,south=true,up=true,west=false":[
         {
            "model":"block/test_block"
         }
      ],
      "down=true,east=false,north=true,south=true,up=true,west=false":[
         {
            "model":"block/test_block"
         }
      ],
      "down=false,east=false,north=true,south=true,up=false,west=true":[
         {
            "model":"block/test_block"
         }
      ],
      "down=true,east=false,north=true,south=true,up=false,west=true":[
         {
            "model":"block/test_block"
         }
      ],
      "down=false,east=false,north=true,south=true,up=true,west=true":[
         {
            "model":"block/test_block"
         }
      ],
      "down=true,east=false,north=true,south=true,up=true,west=true":[
         {
            "model":"block/test_block"
         }
      ],
      "down=false,east=true,north=true,south=false,up=false,west=false":[
         {
            "model":"block/test_block"
         }
      ],
      "down=true,east=true,north=true,south=false,up=false,west=false":[
         {
            "model":"block/test_block"
         }
      ],
      "down=false,east=true,north=true,south=false,up=true,west=false":[
         {
            "model":"block/test_block"
         }
      ],
      "down=true,east=true,north=true,south=false,up=true,west=false":[
         {
            "model":"block/test_block"
         }
      ],
      "down=false,east=true,north=true,south=false,up=false,west=true":[
         {
            "model":"block/test_block"
         }
      ],
      "down=true,east=true,north=true,south=false,up=false,west=true":[
         {
            "model":"block/test_block"
         }
      ],
      "down=false,east=true,north=true,south=false,up=true,west=true":[
         {
            "model":"block/test_block"
         }
      ],
      "down=true,east=true,north=true,south=false,up=true,west=true":[
         {
            "model":"block/test_block"
         }
      ],
      "down=false,east=true,north=true,south=true,up=false,west=false":[
         {
            "model":"block/test_block"
         }
      ],
      "down=true,east=true,north=true,south=true,up=false,west=false":[
         {
            "model":"block/test_block"
         }
      ],
      "down=false,east=true,north=true,south=true,up=true,west=false":[
         {
            "model":"block/test_block"
         }
      ],
      "down=true,east=true,north=true,south=true,up=true,west=false":[
         {
            "model":"block/test_block"
         }
      ],
      "down=false,east=true,north=true,south=true,up=false,west=true":[
         {
            "model":"block/test_block"
         }
      ],
      "down=true,east=true,north=true,south=true,up=false,west=true":[
         {
            "model":"block/test_block"
         }
      ],
      "down=false,east=true,north=true,south=true,up=true,west=true":[
         {
            "model":"block/test_block"
         }
      ],
      "down=true,east=true,north=true,south=true,up=true,west=true":[
         {
            "model":"block/test_block"
         }
      ]
   }
}