{
  "parent": "item/handheld",
  "textures": {
    "layer0": "item/spells/tornado"
},
	"display": {
    "thirdperson_righthand": {
      "rotation": [ 0, 0, 0 ],
      "translation": [ 0, 0, 0 ],
      "scale": [ 3, 3, 3 ]
    },
"firstperson_righthand": {
      "rotation": [ 0, 0, 0 ],
      "translation": [ 0, 0, 0 ],
      "scale": [ 3, 3, 3 ]
    },
"gui": {
      "rotation": [ 0, 0, 0 ],
      "translation": [ 0, 0, 0 ],
      "scale": [ 3, 3, 3 ]
    },
"ground": {
      "rotation": [ 0, 0, 0 ],
      "translation": [ 0, 0, 0 ],
      "scale": [ 3, 3, 3 ]
    },
"head": {
      "rotation": [ 0, 0, 0 ],
      "translation": [ 0, 0, 0 ],
      "scale": [ 3, 3, 3 ]
    }
  }
}