
{
  "parent": "item/generated",
  "textures": {
    "layer0": "item/golden_sword"
  },
"display": {
    "thirdperson_righthand": {
      "rotation": [ 90, 90, -35 ],
      "translation": [ 0.25, 4.25, 4 ],
      "scale": [ 0.8, 0.8, 0.8 ]
    },
    "thirdperson_lefthand": {
      "rotation": [ 90, -90, 35 ],
      "translation": [ -0.25, 4.25, 4 ],
      "scale": [ 0.8, 0.8, 0.8 ]
    },
    "firstperson_righthand": {
      "rotation": [ 26, 78, 25 ],
      "translation": [ 3.25, 2.5, 0 ],
      "scale": [ 0.9, 0.9, 0.9 ]
    },
    "firstperson_lefthand": {
      "rotation": [ 61, -78, 25 ],
      "translation": [ 3.25, 2.5, 0 ],
      "scale": [ 0.9, 0.9, 0.9 ]
    }
  },
  "overrides": [
    
{
      "predicate": { "custom_model_data": 3 },
      "model": "item/tools/broadswords/golden_broadsword"
    },
{
      "predicate": { "custom_model_data": 4 },
      "model": "item/tools/scythes/golden_scythe"
    },
{
      "predicate": { "custom_model_data": 7 },
      "model": "item/tools/rapiers/golden_rapier"
    }


  ]
}