{
  "parent": "item/generated",
  "textures": {
    "layer0": "item/golden_axe"
  },

  "overrides": [
    
{
      "predicate": { "custom_model_data": 3 },
      "model": "item/tools/maces/golden_mace"
    },
{
      "predicate": { "custom_model_data": 4 },
      "model": "item/tools/battle_axes/golden_battle_axe"
    },
{
      "predicate": { "custom_model_data": 5 },
      "model": "item/tools/daggers/golden_dagger"
    },
{
      "predicate": { "custom_model_data": 6 },
      "model": "item/tools/spears/golden_spear"
    }
  ]
}