{
  "parent": "item/generated",
  "textures": {
    "layer0": "item/iron_ingot"
  },

  "overrides": [
    {
      "predicate": { "custom_model_data": 1 },
      "model": "item/custom_items/steel_items/hot_iron"
    }, {
      "predicate": { "custom_model_data": 2 },
      "model": "item/custom_items/steel_items/steel"
    }, {
      "predicate": { "custom_model_data": 4 },
      "model": "item/custom_items/glacial_items/glacial_ingot"
    }, {
      "predicate": { "custom_model_data": 5 },
      "model": "item/custom_items/ender_items/ender_ingot"
    }, {
      "predicate": { "custom_model_data": 6 },
      "model": "item/custom_items/overgrowth_items/overgrowth_ingot"
    }, {
      "predicate": { "custom_model_data": 7 },
      "model": "item/custom_items/air_items/air_ingot"
    }
  ]
}