{
  "parent": "item/generated",
  "textures": {
    "layer0": "item/iron_axe"
  },

  "overrides": [
    
{
      "predicate": { "custom_model_data": 3 },
      "model": "item/tools/maces/iron_mace"
    },
{
      "predicate": { "custom_model_data": 4 },
      "model": "item/tools/battle_axes/iron_battle_axe"
    },
{
      "predicate": { "custom_model_data": 5 },
      "model": "item/tools/daggers/iron_dagger"
    },
{
      "predicate": { "custom_model_data": 6 },
      "model": "item/tools/spears/iron_spear"
    }
  ]
}