{
  "parent": "item/generated",
  "textures": {
    "layer0": "item/leather_helmet",
"layer1": "item/leather_helmet_overlay"
  },

  "overrides": [
    {
      "predicate": { "custom_model_data": 2 },
      "model": "item/custom_items/steel_items/steel_helmet"
    },
{
      "predicate": { "custom_model_data":3 },
      "model": "item/custom_items/steel_items/steel_plate_helmet"
    },
{
      "predicate": { "custom_model_data": 4 },
      "model": "item/custom_items/note"
    }
  ]
}