{
  "parent": "item/generated",
  "textures": {
    "layer0": "item/paper"
  },

  "overrides": [
    
{
      "predicate": { "custom_model_data": 9 },
      "model":"item/scrolls/empty_scroll"
    },
{
      "predicate": { "custom_model_data": 10 },
      "model":"item/scrolls/shout"
    },
{
      "predicate": { "custom_model_data": 11 },
      "model":"item/scrolls/rage_spell"
    },
{
      "predicate": { "custom_model_data": 12},
      "model":"item/scrolls/heal_spell"
    },
{
      "predicate": { "custom_model_data": 13},
      "model":"item/scrolls/magic_ball"
    },
{
      "predicate": { "custom_model_data": 14 },
      "model":"item/scrolls/tornado"
    },
{
      "predicate": { "custom_model_data": 15 },
      "model":"item/scrolls/cyclone"
    },
{
      "predicate": { "custom_model_data": 16 },
      "model":"item/scrolls/fireball"
    },
{
      "predicate": { "custom_model_data": 17 },
      "model":"item/scrolls/meteor"
    },
{
      "predicate": { "custom_model_data": 18 },
      "model":"item/scrolls/dragons_breath"
    },
{
      "predicate": { "custom_model_data": 19 },
      "model":"item/scrolls/thunder_ball"
    },
{
      "predicate": { "custom_model_data": 20 },
      "model":"item/scrolls/anvil_strike"
    },
{
      "predicate": { "custom_model_data": 21 },
      "model":"item/scrolls/summon_wolf"
    },
{
      "predicate": { "custom_model_data": 22 },
      "model":"item/scrolls/rage_spell"
    }

  ]
}