{
  "parent": "item/generated",
  "textures": {
    "layer0": "item/snowball"
  },

  "overrides": [
    {
      "predicate": { "custom_model_data": 1 },
      "model": "item/spells/magic_orb"
    },{
      "predicate": { "custom_model_data": 2 },
      "model": "item/spells/tornado"
    },{
      "predicate": { "custom_model_data": 3 },
      "model": "item/spells/cyclone"
    },{
      "predicate": { "custom_model_data": 4 },
      "model": "item/spells/thunder_ball"
    }
  ]
}