{
  "parent": "item/generated",
  "textures": {
    "layer0": "item/stick"
  },

  "overrides": [
    {
      "predicate": { "custom_model_data": 1 },
      "model": "item/zombie_items/summon_zombie_boss"
    },
 {
      "predicate": { "custom_model_data": 2 },
      "model": "item/custom_items/beenade"
    },
 {
      "predicate": { "custom_model_data": 3 },
      "model": "item/custom_items/explosives/spiky_ball"
    },
 {
      "predicate": { "custom_model_data": 4 },
      "model": "item/custom_items/spiky_ball_t"
    },
 {
      "predicate": { "custom_model_data": 5 },
      "model": "item/custom_items/explosives/grenade"
    },
 {
      "predicate": { "custom_model_data": 6 },
      "model": "item/custom_items/explosives/bomb"
    },
 {
      "predicate": { "custom_model_data": 7 },
      "model": "item/custom_items/explosives/dynamite"
    }
,
 {
      "predicate": { "custom_model_data": 8 },
      "model": "item/custom_items/explosives/strong_bomb"
    }
  ]
}