{
  "parent": "item/generated",
  "textures": {
    "layer0": "item/stone_axe"
  },

  "overrides": [
    
{
      "predicate": { "custom_model_data": 3 },
      "model": "item/tools/maces/stone_mace"
    },
{
      "predicate": { "custom_model_data": 4 },
      "model": "item/tools/battle_axes/stone_battle_axe"
    },
{
      "predicate": { "custom_model_data": 5 },
      "model": "item/tools/daggers/stone_dagger"
    },
{
      "predicate": { "custom_model_data": 6 },
      "model": "item/tools/spears/stone_spear"
    }
  ]
}