{
  "parent": "item/generated",
  "textures": {
    "layer0": "item/wooden_axe"
  },

  "overrides": [
    
{
      "predicate": { "custom_model_data": 3 },
      "model": "item/tools/maces/wooden_mace"
    },
{
      "predicate": { "custom_model_data": 4 },
      "model": "item/tools/battle_axes/wooden_battle_axe"
    },
{
      "predicate": { "custom_model_data": 5 },
      "model": "item/tools/daggers/wooden_dagger"
    },
{
      "predicate": { "custom_model_data": 6 },
      "model": "item/tools/spears/wooden_spear"
    }
  ]
}